{
"lengthUnit": "mil",
"remark": [],
"components": {
	"fields": ["COMPONENT_NO", "COMPONENT_NAME", "LAYER", "X_COORDINATE", "Y_COORDINATE", "ANGLE"],
	"rows": [
		[1, "C1", "T", 1982.56, -1152.44, 270],
		[2, "LED1", "T", 145, -304.994, 180],
		[3, "R1", "T", 110, -400, 0],
		[4, "U1", "T", 2084.36, -1156.18, 180],
		[5, "U2", "T", 2725, -1205, 90],
		[6, "PAD1", "T", 1982.56, -1180, 0],
		[7, "PAD2", "T", 1982.56, -1124.88, 0],
		[8, "PAD3", "T", 2107.98, -1156.18, 0],
		[9, "PAD4", "T", 2104.04, -1181.77, 0],
		[10, "PAD5", "T", 2084.36, -1181.77, 0],
		[11, "PAD6", "T", 2084.36, -1130.59, 0],
		[12, "PAD7", "T", 2104.04, -1130.59, 0],
		[13, "PAD8", "T", 185, -304.997, 0],
		[14, "PAD9", "T", 105, -304.997, 0],
		[15, "PAD10", "T", 127.04, -400, 0],
		[16, "PAD11", "T", 92.96, -400, 0],
		[17, "PAD12", "T", 2200, -1230, 0],
		[18, "PAD13", "T", 2350, -1180, 0],
		[19, "PAD13", "B", 2350, -1180, 0]
	]
},
"pins": {
	"fields": ["PIN_NO", "PIN_NAME", "PIN_X", "PIN_Y", "LAYER", "PIN_TYPE", "NET_NAME", "NET_TYPE", "PAD_SHAPE", "PAD_SIZEX", "PAD_SIZEY", "HOLE_SIZE", "HOLE_LEN", "PAD_ANGLE"],
	"rows": [
		[1, "C1_1", 1982.56, -1124.88, "T", "SMD", "$1N550", "", "R", 31.496, 35.433, 0, 0, 270],
		[2, "C1_2", 1982.56, -1180, "T", "SMD", "$1N518", "", "R", 31.496, 35.433, 0, 0, 270],
		[3, "LED1_1", 185, -304.997, "T", "SMD", "$1N550", "", "R", 43.307, 49.213, 0, 0, 180],
		[4, "LED1_2", 105, -304.997, "T", "SMD", "$1N545", "", "R", 43.307, 49.213, 0, 0, 180],
		[5, "R1_1", 92.96, -400, "T", "SMD", "$1N545", "", "R", 22.27, 21.26, 0, 0, 0],
		[6, "R1_2", 127.04, -400, "T", "SMD", "$1N518", "", "R", 22.27, 21.26, 0, 0, 0],
		[7, "U1_1", 2104.04, -1130.59, "T", "SMD", "$1N435", "", "R", 19.685, 11.024, 0, 0, 270],
		[8, "U1_2", 2084.36, -1130.59, "T", "SMD", "$1N550", "", "R", 19.685, 11.024, 0, 0, 270],
		[9, "U1_3", 2064.68, -1130.59, "T", "SMD", "NET_1", "", "R", 19.685, 11.024, 0, 0, 270],
		[10, "U1_4", 2060.74, -1156.18, "T", "SMD", "NET_2", "", "R", 17.717, 11.811, 0, 0, 0],
		[11, "U1_5", 2064.67, -1181.77, "T", "SMD", "NET_3", "", "R", 19.685, 11.024, 0, 0, 270],
		[12, "U1_6", 2084.36, -1181.77, "T", "SMD", "$1N518", "", "R", 19.685, 11.024, 0, 0, 270],
		[13, "U1_7", 2104.04, -1181.77, "T", "SMD", "$1N518", "", "R", 19.685, 11.024, 0, 0, 270],
		[14, "U1_8", 2107.98, -1156.18, "T", "SMD", "$1N430", "", "R", 17.717, 11.811, 0, 0, 0],
		[15, "U2_P$1", 2200, -1230, "T", "SMD", "$1N435", "", "R", 29.5276, 11.811, 0, 0, 180],
		[16, "U2_P$2", 2350, -1180, "T", "DIP", "$1N430", "", "C", 31.811, 31.811, 11.811, 11.811, 90],
		[17, "U2_P$2", 2350, -1180, "B", "DIP", "$1N430", "", "C", 31.811, 31.811, 11.811, 11.811, 90],
		[18, "PAD1_2", 1982.56, -1180, "T", "SMD", "$1N518", "", "R", 31.496, 35.433, 0, 0, 270],
		[19, "PAD2_1", 1982.56, -1124.88, "T", "SMD", "$1N550", "", "R", 31.496, 35.433, 0, 0, 270],
		[20, "PAD3_8", 2107.98, -1156.18, "T", "SMD", "$1N430", "", "R", 17.717, 11.811, 0, 0, 0],
		[21, "PAD4_7", 2104.04, -1181.77, "T", "SMD", "$1N518", "", "R", 19.685, 11.024, 0, 0, 270],
		[22, "PAD5_6", 2084.36, -1181.77, "T", "SMD", "$1N518", "", "R", 19.685, 11.024, 0, 0, 270],
		[23, "PAD6_2", 2084.36, -1130.59, "T", "SMD", "$1N550", "", "R", 19.685, 11.024, 0, 0, 270],
		[24, "PAD7_1", 2104.04, -1130.59, "T", "SMD", "$1N435", "", "R", 19.685, 11.024, 0, 0, 270],
		[25, "PAD8_1", 185, -304.997, "T", "SMD", "$1N550", "", "R", 43.307, 49.213, 0, 0, 180],
		[26, "PAD9_2", 105, -304.997, "T", "SMD", "$1N545", "", "R", 43.307, 49.213, 0, 0, 180],
		[27, "PAD10_2", 127.04, -400, "T", "SMD", "$1N518", "", "R", 22.27, 21.26, 0, 0, 0],
		[28, "PAD11_1", 92.96, -400, "T", "SMD", "$1N545", "", "R", 22.27, 21.26, 0, 0, 0],
		[29, "PAD12_P$1", 2200, -1230, "T", "SMD", "$1N435", "", "R", 29.5276, 11.811, 0, 0, 180],
		[30, "PAD13_P$2", 2350, -1180, "T", "DIP", "$1N430", "", "C", 31.811, 31.811, 11.811, 11.811, 90],
		[31, "PAD13_P$2", 2350, -1180, "B", "DIP", "$1N430", "", "C", 31.811, 31.811, 11.811, 11.811, 90]
	]
}
}